<?xml version="1.0" encoding="utf-8" ?>
<dwsync>
<file name="bg.jpg" server="C:/Users/fernando/Documents/videosanime.net/" local="129664719545507812" remote="129664719540000000" />
<file name="coolbg.jpg" server="C:/Users/fernando/Documents/videosanime.net/" local="129664751575175781" remote="129664751570000000" />
<file name="h.png" server="C:/Users/fernando/Documents/videosanime.net/" local="129664819834160156" remote="129664819830000000" />
<file name="menu.png" server="C:/Users/fernando/Documents/videosanime.net/" local="129664766248437500" remote="129664766240000000" />
<file name="d.gif" server="C:/Users/fernando/Documents/videosanime.net/" local="129664719490947265" remote="129664719490000000" />
<file name="id.jpg" server="C:/Users/fernando/Documents/videosanime.net/" local="129664719423046875" remote="129664719420000000" />
<file name="input.jpg" server="C:/Users/fernando/Documents/videosanime.net/" local="129664719408955078" remote="129664719400000000" />
<file name="but.jpg" server="C:/Users/fernando/Documents/videosanime.net/" local="129664719535732421" remote="129664719530000000" />
<file name="bgmain.jpg" server="C:/Users/fernando/Documents/videosanime.net/" local="129664719539472656" remote="129664719530000000" />
<file name="mtop.jpg" server="C:/Users/fernando/Documents/videosanime.net/" local="129664719349921875" remote="129664719340000000" />
<file name="mma.jpg" server="C:/Users/fernando/Documents/videosanime.net/" local="129664719348525390" remote="129664719340000000" />
<file name="c.jpg" server="C:/Users/fernando/Documents/videosanime.net/" local="129664719527656250" remote="129664719520000000" />
<file name="fondotitulo.png" server="C:/Users/fernando/Documents/videosanime.net/" local="129664732579882812" remote="129664732570000000" />
<file name="cbo.jpg" server="C:/Users/fernando/Documents/videosanime.net/" local="129664719516152343" remote="129664719510000000" />
<file name="cfo.jpg" server="C:/Users/fernando/Documents/videosanime.net/" local="129664719510615234" remote="129664719510000000" />
<file name="m_t.gif" server="C:/Users/fernando/Documents/videosanime.net/" local="129664719357968750" remote="129664719350000000" />
<file name="m_m.gif" server="C:/Users/fernando/Documents/videosanime.net/" local="129664719376767578" remote="129664719370000000" />
<file name="m_b.gif" server="C:/Users/fernando/Documents/videosanime.net/" local="129664719381884765" remote="129664719380000000" />
<file name="block.gif" server="C:/Users/fernando/Documents/videosanime.net/" local="129664719533359375" remote="129664719530000000" />
<file name="n.jpg" server="C:/Users/fernando/Documents/videosanime.net/" local="129664719328720703" remote="129664719320000000" />
<file name="dm.jpg" server="C:/Users/fernando/Documents/videosanime.net/" local="129664719465625000" remote="129664719460000000" />
<file name="botonON.jpg" server="C:/Users/fernando/Documents/videosanime.net/" local="129664734328183593" remote="129664734320000000" />
<file name="la.jpg" server="C:/Users/fernando/Documents/videosanime.net/" local="129664719391250000" remote="129664719390000000" />
<file name="pag.gif" server="C:/Users/fernando/Documents/videosanime.net/" local="129664719313388671" remote="129664719310000000" />
<file name="a1.jpg" server="C:/Users/fernando/Documents/videosanime.net/" local="129664719568525390" remote="129664719560000000" />
<file name="a3.jpg" server="C:/Users/fernando/Documents/videosanime.net/" local="129664719558916015" remote="129664719550000000" />
<file name="a2.jpg" server="C:/Users/fernando/Documents/videosanime.net/" local="129664719560761718" remote="129664719560000000" />
<file name="db.jpg" server="C:/Users/fernando/Documents/videosanime.net/" local="129664719485068359" remote="129664719480000000" />
<file name="f.jpg" server="C:/Users/fernando/Documents/videosanime.net/" local="129664719457060546" remote="129664719450000000" />
<file name="f1.jpg" server="C:/Users/fernando/Documents/videosanime.net/" local="129664719459550781" remote="129664719450000000" />
<file name="tipsy.gif" server="C:/Users/fernando/Documents/videosanime.net/" local="129664719289384765" remote="129664719280000000" />
<file name="tipsy.png" server="C:/Users/fernando/Documents/videosanime.net/" local="129664719283271484" remote="129664719280000000" />
<file name="cl.gif" server="C:/Users/fernando/Documents/videosanime.net/" local="129664719503085937" remote="129664719500000000" />
<file name="300x250.gif" server="C:/Users/fernando/Documents/videosanime.net/" local="129664719592314453" remote="129664719590000000" />
<file name="at.jpg" server="C:/Users/fernando/Documents/videosanime.net/" local="129664719553330078" remote="129664719550000000" />
<file name="pt.jpg" server="C:/Users/fernando/Documents/videosanime.net/" local="129664719311152343" remote="129664719310000000" />
<file name="spt.jpg" server="C:/Users/fernando/Documents/videosanime.net/" local="129664719295634765" remote="129664719290000000" />
<file name="pv.png" server="C:/Users/fernando/Documents/videosanime.net/" local="129664719307470703" remote="129664719300000000" />
<file name="nx.png" server="C:/Users/fernando/Documents/videosanime.net/" local="129664719319394531" remote="129664719310000000" />
<file name="dl.png" server="C:/Users/fernando/Documents/videosanime.net/" local="129664719487226562" remote="129664719480000000" />
<file name="dl2.png" server="C:/Users/fernando/Documents/videosanime.net/" local="129664719479257812" remote="129664719470000000" />
<file name="dl3.png" server="C:/Users/fernando/Documents/videosanime.net/" local="129664719477011718" remote="129664719470000000" />
<file name="adpl.png" server="C:/Users/fernando/Documents/videosanime.net/" local="129664719555117187" remote="129664719550000000" />
<file name="back.png" server="C:/Users/fernando/Documents/videosanime.net/" local="129664719547187500" remote="129664719540000000" />
<file name="tw.png" server="C:/Users/fernando/Documents/videosanime.net/" local="129664719292460937" remote="129664719290000000" />
<file name="fb.png" server="C:/Users/fernando/Documents/videosanime.net/" local="129664719449326171" remote="129664719440000000" />
</dwsync>